{"cameraMode":{"drawMode":0,"name":"Shaded","section":"Shading Mode"},"sceneLighting":false,"audioPlay":false,"sceneViewState":{"showFog":true,"showMaterialUpdate":false,"showSkybox":false,"showFlares":true,"showImageEffects":true,"showParticleSystems":true,"showVisualEffectGraphs":true},"in2DMode":false,"pivot":{"x":911.9810791015625,"y":249.65841674804688,"z":-276.16522216796877},"rotation":{"x":-0.017403682693839074,"y":0.9791445136070252,"z":-0.17848771810531617,"w":-0.09547306597232819},"size":972.9746704101563,"orthographic":false}