{"cameraMode":{"drawMode":0,"name":"Shaded","section":"Shading Mode"},"sceneLighting":false,"audioPlay":false,"sceneViewState":{"showFog":true,"showMaterialUpdate":false,"showSkybox":false,"showFlares":true,"showImageEffects":true,"showParticleSystems":true,"showVisualEffectGraphs":true},"in2DMode":false,"pivot":{"x":2.4200000762939455,"y":1.119999885559082,"z":-0.38999998569488528},"rotation":{"x":-0.017403682693839074,"y":0.9791445136070252,"z":-0.17848771810531617,"w":-0.09547306597232819},"size":4.0416579246521,"orthographic":false}