{"cameraMode":{"drawMode":0,"name":"Shaded","section":"Shading Mode"},"sceneLighting":false,"audioPlay":false,"sceneViewState":{"showFog":true,"showMaterialUpdate":false,"showSkybox":false,"showFlares":true,"showImageEffects":true,"showParticleSystems":true,"showVisualEffectGraphs":true},"in2DMode":false,"pivot":{"x":559.319580078125,"y":133.46218872070313,"z":-160.90150451660157},"rotation":{"x":-0.017403682693839074,"y":0.9791445136070252,"z":-0.17848771810531617,"w":-0.09547306597232819},"size":1393.0833740234375,"orthographic":false}