{"cameraMode":{"drawMode":0,"name":"Shaded","section":"Shading Mode"},"sceneLighting":false,"audioPlay":false,"sceneViewState":{"showFog":true,"showMaterialUpdate":false,"showSkybox":false,"showFlares":true,"showImageEffects":true,"showParticleSystems":true,"showVisualEffectGraphs":true},"in2DMode":false,"pivot":{"x":29.580305099487306,"y":2.9003047943115236,"z":-11.84061050415039},"rotation":{"x":0.06287399679422379,"y":0.6537166237831116,"z":-0.05464428290724754,"w":0.7521435618400574},"size":13.668183326721192,"orthographic":false}