{"cameraMode":{"drawMode":0,"name":"Shaded","section":"Shading Mode"},"sceneLighting":false,"audioPlay":false,"sceneViewState":{"showFog":true,"showMaterialUpdate":false,"showSkybox":false,"showFlares":true,"showImageEffects":true,"showParticleSystems":true,"showVisualEffectGraphs":true},"in2DMode":false,"pivot":{"x":15.682157516479493,"y":-0.042243242263793948,"z":-3.4357852935791017},"rotation":{"x":-0.11348871886730194,"y":0.8652891516685486,"z":-0.22723187506198884,"w":-0.43215981125831606},"size":25.80457305908203,"orthographic":false}