{"cameraMode":{"drawMode":0,"name":"Shaded","section":"Shading Mode"},"sceneLighting":false,"audioPlay":false,"sceneViewState":{"showFog":true,"showMaterialUpdate":false,"showSkybox":false,"showFlares":true,"showImageEffects":true,"showParticleSystems":true,"showVisualEffectGraphs":true},"in2DMode":false,"pivot":{"x":-2.9628965854644777,"y":-0.015350699424743653,"z":0.15646743774414063},"rotation":{"x":-0.15032774209976197,"y":0.7660386562347412,"z":-0.19381527602672578,"w":-0.594157338142395},"size":4.229607582092285,"orthographic":false}