{"cameraMode":{"drawMode":0,"name":"Shaded","section":"Shading Mode"},"sceneLighting":false,"audioPlay":false,"sceneViewState":{"showFog":true,"showMaterialUpdate":false,"showSkybox":false,"showFlares":true,"showImageEffects":true,"showParticleSystems":true,"showVisualEffectGraphs":true},"in2DMode":false,"pivot":{"x":8.398735046386719,"y":-0.7061830759048462,"z":-0.1361382007598877},"rotation":{"x":0.07327862828969956,"y":0.6749589443206787,"z":-0.06765170395374298,"w":0.7310871481895447},"size":8.00901985168457,"orthographic":false}