{"cameraMode":{"drawMode":0,"name":"Shaded","section":"Shading Mode"},"sceneLighting":false,"audioPlay":false,"sceneViewState":{"showFog":true,"showMaterialUpdate":false,"showSkybox":false,"showFlares":true,"showImageEffects":true,"showParticleSystems":true,"showVisualEffectGraphs":true},"in2DMode":false,"pivot":{"x":14.090054512023926,"y":2.9075798988342287,"z":0.9690237045288086},"rotation":{"x":-0.11348871886730194,"y":0.8652891516685486,"z":-0.22723187506198884,"w":-0.43215981125831606},"size":13.716830253601075,"orthographic":false}