{"cameraMode":{"drawMode":0,"name":"Shaded","section":"Shading Mode"},"sceneLighting":true,"audioPlay":false,"sceneViewState":{"showFog":true,"showMaterialUpdate":false,"showSkybox":true,"showFlares":true,"showImageEffects":true,"showParticleSystems":true},"in2DMode":false,"pivot":{"x":1.1568031311035157,"y":2.791598320007324,"z":0.7242622375488281},"rotation":{"x":0.07351624220609665,"y":0.34081971645355227,"z":-0.026744166389107705,"w":0.9368682503700256},"size":28.77263641357422,"orthographic":false}