{"cameraMode":{"drawMode":0,"name":"Shaded","section":"Shading Mode"},"sceneLighting":true,"audioPlay":false,"sceneViewState":{"showFog":true,"showMaterialUpdate":false,"showSkybox":true,"showFlares":true,"showImageEffects":true,"showParticleSystems":true,"showVisualEffectGraphs":true},"in2DMode":false,"pivot":{"x":-42.04537582397461,"y":-12.646099090576172,"z":-24.79555892944336},"rotation":{"x":0.26329082250595095,"y":-0.4139566123485565,"z":0.12645767629146577,"w":0.8621954321861267},"size":75.80615234375,"orthographic":false}