{"cameraMode":{"drawMode":0,"name":"Shaded","section":"Shading Mode"},"sceneLighting":true,"audioPlay":false,"sceneViewState":{"showFog":true,"showMaterialUpdate":false,"showSkybox":true,"showFlares":true,"showImageEffects":true,"showParticleSystems":true,"showVisualEffectGraphs":true},"in2DMode":false,"pivot":{"x":-2.251856803894043,"y":6.238981246948242,"z":-4.259742736816406},"rotation":{"x":0.2615499496459961,"y":0.20368485152721406,"z":-0.05656784400343895,"w":0.9417577981948853},"size":26.184036254882814,"orthographic":false}