{"cameraMode":{"drawMode":0,"name":"Shaded","section":"Shading Mode"},"sceneLighting":true,"audioPlay":false,"sceneViewState":{"showFog":true,"showMaterialUpdate":false,"showSkybox":true,"showFlares":true,"showImageEffects":true,"showParticleSystems":true,"showVisualEffectGraphs":true},"in2DMode":false,"pivot":{"x":2.5049424171447756,"y":2.9065847396850588,"z":-2.9017865657806398},"rotation":{"x":-0.12510129809379579,"y":0.8659195303916931,"z":-0.40270736813545229,"w":-0.2689986228942871},"size":6.345235347747803,"orthographic":false}