{"cameraMode":{"drawMode":0,"name":"Shaded","section":"Shading Mode"},"sceneLighting":true,"audioPlay":false,"sceneViewState":{"showFog":true,"showMaterialUpdate":false,"showSkybox":true,"showFlares":true,"showImageEffects":true,"showParticleSystems":true,"showVisualEffectGraphs":true},"in2DMode":false,"pivot":{"x":-3.220020055770874,"y":0.05277395248413086,"z":-4.063502788543701},"rotation":{"x":0.12301281094551087,"y":-0.696530282497406,"z":0.12307429313659668,"w":0.69612717628479},"size":7.584371089935303,"orthographic":false}