{"cameraMode":{"drawMode":0,"name":"Shaded","section":"Shading Mode"},"sceneLighting":true,"audioPlay":false,"sceneViewState":{"showFog":true,"showMaterialUpdate":false,"showSkybox":true,"showFlares":true,"showImageEffects":true,"showParticleSystems":true,"showVisualEffectGraphs":true},"in2DMode":false,"pivot":{"x":-12.89333724975586,"y":2.918264865875244,"z":-17.456363677978517},"rotation":{"x":0.19080191850662232,"y":-0.19409041106700898,"z":0.03851231932640076,"w":0.9614924788475037},"size":17.863935470581056,"orthographic":false}