{"cameraMode":{"drawMode":0,"name":"Shaded","section":"Shading Mode"},"sceneLighting":true,"audioPlay":false,"sceneViewState":{"showFog":true,"showMaterialUpdate":false,"showSkybox":true,"showFlares":true,"showImageEffects":true,"showParticleSystems":true,"showVisualEffectGraphs":true},"in2DMode":false,"pivot":{"x":-13.356634140014649,"y":0.4020763635635376,"z":33.7430305480957},"rotation":{"x":-0.005335704423487186,"y":0.15150544047355653,"z":-0.0008179963333532214,"w":-0.9884454607963562},"size":42.52162551879883,"orthographic":false}