{"cameraMode":{"drawMode":0,"name":"Shaded","section":"Shading Mode"},"sceneLighting":true,"audioPlay":false,"sceneViewState":{"showFog":true,"showMaterialUpdate":false,"showSkybox":true,"showFlares":true,"showImageEffects":true,"showParticleSystems":true,"showVisualEffectGraphs":true},"in2DMode":false,"pivot":{"x":-61.94828414916992,"y":-165.94845581054688,"z":268.5130920410156},"rotation":{"x":0.2478395402431488,"y":-0.0833108052611351,"z":0.0214387159794569,"w":0.9650037884712219},"size":392.8049011230469,"orthographic":false}