{"cameraMode":{"drawMode":0,"name":"Shaded","section":"Shading Mode"},"sceneLighting":true,"audioPlay":false,"sceneViewState":{"showFog":true,"showMaterialUpdate":false,"showSkybox":true,"showFlares":true,"showImageEffects":true,"showParticleSystems":true,"showVisualEffectGraphs":true},"in2DMode":false,"pivot":{"x":-5.1424360275268559,"y":1.2353019714355469,"z":-22.000917434692384},"rotation":{"x":-0.32600921392440798,"y":-0.1780625432729721,"z":0.06266708672046662,"w":-0.9263332486152649},"size":28.80933380126953,"orthographic":false}