{"cameraMode":{"drawMode":0,"name":"Shaded","section":"Shading Mode"},"sceneLighting":true,"audioPlay":false,"sceneViewState":{"showFog":true,"showMaterialUpdate":false,"showSkybox":true,"showFlares":true,"showImageEffects":true,"showParticleSystems":true,"showVisualEffectGraphs":true},"in2DMode":false,"pivot":{"x":-10.449097633361817,"y":-0.6079950332641602,"z":-0.2715940475463867},"rotation":{"x":0.2965083420276642,"y":-0.27011236548423769,"z":0.08783656358718872,"w":0.9118180274963379},"size":14.073322296142579,"orthographic":false}