{"cameraMode":{"drawMode":0,"name":"Shaded","section":"Shading Mode"},"sceneLighting":true,"audioPlay":false,"sceneViewState":{"showFog":true,"showMaterialUpdate":false,"showSkybox":true,"showFlares":true,"showImageEffects":true,"showParticleSystems":true,"showVisualEffectGraphs":true},"in2DMode":false,"pivot":{"x":-32.71246337890625,"y":-14.153482437133789,"z":11.429580688476563},"rotation":{"x":-0.20386168360710145,"y":0.3128420114517212,"z":-0.06894340366125107,"w":-0.9251177906990051},"size":57.50334930419922,"orthographic":false}