{"cameraMode":{"drawMode":0,"name":"Shaded","section":"Shading Mode"},"sceneLighting":false,"audioPlay":false,"sceneViewState":{"showFog":true,"showMaterialUpdate":false,"showSkybox":false,"showFlares":true,"showImageEffects":true,"showParticleSystems":true,"showVisualEffectGraphs":true},"in2DMode":false,"pivot":{"x":-13.914793014526368,"y":19.829132080078126,"z":100.83450317382813},"rotation":{"x":0.11511296033859253,"y":0.7071648836135864,"z":-0.11840464174747467,"w":0.6874958276748657},"size":13.655924797058106,"orthographic":false}