{"cameraMode":{"drawMode":0,"name":"Shaded","section":"Shading Mode"},"sceneLighting":false,"audioPlay":false,"sceneViewState":{"showFog":true,"showMaterialUpdate":false,"showSkybox":false,"showFlares":true,"showImageEffects":true,"showParticleSystems":true,"showVisualEffectGraphs":true},"in2DMode":false,"pivot":{"x":47.76898956298828,"y":4.223998069763184,"z":1.160243034362793},"rotation":{"x":0.20774748921394349,"y":-0.3161373436450958,"z":0.07115782052278519,"w":0.9229585528373718},"size":31.566051483154298,"orthographic":false}