{"cameraMode":{"drawMode":0,"name":"Shaded","section":"Shading Mode"},"sceneLighting":false,"audioPlay":false,"sceneViewState":{"showFog":true,"showMaterialUpdate":false,"showSkybox":false,"showFlares":true,"showImageEffects":true,"showParticleSystems":true,"showVisualEffectGraphs":true},"in2DMode":false,"pivot":{"x":-0.002929210662841797,"y":0.02122187614440918,"z":0.7769856452941895},"rotation":{"x":0.2144840955734253,"y":-0.3496731221675873,"z":0.08257107436656952,"w":0.9082614779472351},"size":6.688465118408203,"orthographic":false}