{"cameraMode":{"drawMode":0,"name":"Shaded","section":"Shading Mode"},"sceneLighting":false,"audioPlay":false,"sceneViewState":{"showFog":true,"showMaterialUpdate":false,"showSkybox":false,"showFlares":true,"showImageEffects":true,"showParticleSystems":true,"showVisualEffectGraphs":true},"in2DMode":false,"pivot":{"x":-27.110000610351564,"y":-5.473933219909668,"z":-17.559999465942384},"rotation":{"x":0.11511296033859253,"y":0.7071648836135864,"z":-0.11840464174747467,"w":0.6874958276748657},"size":13.635787010192871,"orthographic":false}