{"cameraMode":{"drawMode":0,"name":"Shaded","section":"Shading Mode"},"sceneLighting":false,"audioPlay":false,"sceneViewState":{"showFog":true,"showMaterialUpdate":false,"showSkybox":false,"showFlares":true,"showImageEffects":true,"showParticleSystems":true,"showVisualEffectGraphs":true},"in2DMode":false,"pivot":{"x":34.14691162109375,"y":-1.9969401359558106,"z":-2.2090611457824709},"rotation":{"x":0.10691814869642258,"y":0.8638492822647095,"z":-0.2067326307296753,"w":0.4467644989490509},"size":16.788949966430665,"orthographic":false}