{"cameraMode":{"drawMode":0,"name":"Shaded","section":"Shading Mode"},"sceneLighting":false,"audioPlay":false,"sceneViewState":{"showFog":true,"showMaterialUpdate":false,"showSkybox":false,"showFlares":true,"showImageEffects":true,"showParticleSystems":true,"showVisualEffectGraphs":true},"in2DMode":false,"pivot":{"x":36.60993957519531,"y":0.672126293182373,"z":-1.0758895874023438},"rotation":{"x":0.10691814869642258,"y":0.8638492822647095,"z":-0.2067326307296753,"w":0.4467644989490509},"size":8.318465232849121,"orthographic":false}