{"cameraMode":{"drawMode":0,"name":"Shaded","section":"Shading Mode"},"sceneLighting":false,"audioPlay":false,"sceneViewState":{"showFog":true,"showMaterialUpdate":false,"showSkybox":false,"showFlares":true,"showImageEffects":true,"showParticleSystems":true,"showVisualEffectGraphs":true},"in2DMode":false,"pivot":{"x":-9.765172958374024,"y":-0.2203218936920166,"z":0.49109649658203127},"rotation":{"x":0.040922295302152637,"y":-0.7889621257781982,"z":0.05285906791687012,"w":0.6107974052429199},"size":13.635786056518555,"orthographic":false}