{"cameraMode":{"drawMode":0,"name":"Shaded","section":"Shading Mode"},"sceneLighting":false,"audioPlay":false,"sceneViewState":{"showFog":true,"showMaterialUpdate":false,"showSkybox":false,"showFlares":true,"showImageEffects":true,"showParticleSystems":true,"showVisualEffectGraphs":true},"in2DMode":false,"pivot":{"x":-2.9030539989471437,"y":28.321231842041017,"z":103.95268249511719},"rotation":{"x":0.027499111369252206,"y":0.9668353199958801,"z":-0.2246546447277069,"w":0.1183471530675888},"size":13.579822540283204,"orthographic":false}