{"cameraMode":{"drawMode":0,"name":"Shaded","section":"Shading Mode"},"sceneLighting":false,"audioPlay":false,"sceneViewState":{"showFog":true,"showMaterialUpdate":false,"showSkybox":false,"showFlares":true,"showImageEffects":true,"showParticleSystems":true,"showVisualEffectGraphs":true},"in2DMode":false,"pivot":{"x":1.500000238418579,"y":0.062499403953552249,"z":1.4999992847442628},"rotation":{"x":0.2144840955734253,"y":-0.3496731221675873,"z":0.08257107436656952,"w":0.9082614779472351},"size":7.003425121307373,"orthographic":false}