{"cameraMode":{"drawMode":0,"name":"Shaded","section":"Shading Mode"},"sceneLighting":false,"audioPlay":false,"sceneViewState":{"showFog":true,"showMaterialUpdate":false,"showSkybox":false,"showFlares":true,"showImageEffects":true,"showParticleSystems":true,"showVisualEffectGraphs":true},"in2DMode":false,"pivot":{"x":-5.301535606384277,"y":1.0534136295318604,"z":4.700165748596191},"rotation":{"x":0.09959468245506287,"y":0.05221475660800934,"z":-0.00523315230384469,"w":0.9936456680297852},"size":15.529187202453614,"orthographic":false}