{"cameraMode":{"drawMode":0,"name":"Shaded","section":"Shading Mode"},"sceneLighting":false,"audioPlay":false,"sceneViewState":{"showFog":true,"showMaterialUpdate":false,"showSkybox":false,"showFlares":true,"showImageEffects":true,"showParticleSystems":true,"showVisualEffectGraphs":true},"in2DMode":false,"pivot":{"x":-0.16575002670288087,"y":-0.5229495763778687,"z":0.4878222942352295},"rotation":{"x":0.10691814869642258,"y":0.8638492822647095,"z":-0.2067326307296753,"w":0.4467644989490509},"size":12.615072250366211,"orthographic":false}