{"cameraMode":{"drawMode":0,"name":"Shaded","section":"Shading Mode"},"sceneLighting":false,"audioPlay":false,"sceneViewState":{"showFog":true,"showMaterialUpdate":false,"showSkybox":false,"showFlares":true,"showImageEffects":true,"showParticleSystems":true,"showVisualEffectGraphs":true},"in2DMode":false,"pivot":{"x":0.4621915817260742,"y":-0.22121524810791017,"z":-4.156785488128662},"rotation":{"x":-0.11348871886730194,"y":0.8652891516685486,"z":-0.22723187506198884,"w":-0.43215981125831606},"size":13.656450271606446,"orthographic":false}