{"cameraMode":{"drawMode":0,"name":"Shaded","section":"Shading Mode"},"sceneLighting":false,"audioPlay":false,"sceneViewState":{"showFog":true,"showMaterialUpdate":false,"showSkybox":false,"showFlares":true,"showImageEffects":true,"showParticleSystems":true,"showVisualEffectGraphs":true},"in2DMode":false,"pivot":{"x":-1.897592544555664,"y":-3.099745273590088,"z":-4.059986114501953},"rotation":{"x":0.023065315559506418,"y":0.9768800735473633,"z":-0.15545345842838288,"w":0.14494499564170838},"size":13.656450271606446,"orthographic":false}