{"cameraMode":{"drawMode":0,"name":"Shaded","section":"Shading Mode"},"sceneLighting":false,"audioPlay":false,"sceneViewState":{"showFog":true,"showMaterialUpdate":false,"showSkybox":false,"showFlares":true,"showImageEffects":true,"showParticleSystems":true,"showVisualEffectGraphs":true},"in2DMode":false,"pivot":{"x":-3.65325927734375,"y":-2.415736675262451,"z":-9.64788818359375},"rotation":{"x":-0.11348871886730194,"y":0.8652891516685486,"z":-0.22723187506198884,"w":-0.43215981125831606},"size":7.025308132171631,"orthographic":false}