{"cameraMode":{"drawMode":0,"name":"Shaded","section":"Shading Mode"},"sceneLighting":false,"audioPlay":false,"sceneViewState":{"showFog":true,"showMaterialUpdate":false,"showSkybox":false,"showFlares":true,"showImageEffects":true,"showParticleSystems":true,"showVisualEffectGraphs":true},"in2DMode":false,"pivot":{"x":45.45113754272461,"y":10.837518692016602,"z":108.68720245361328},"rotation":{"x":0.01386493444442749,"y":-0.9845643639564514,"z":0.1481962949037552,"w":0.09212405234575272},"size":10.092001914978028,"orthographic":false}