{"cameraMode":{"drawMode":0,"name":"Shaded","section":"Shading Mode"},"sceneLighting":false,"audioPlay":false,"sceneViewState":{"showFog":true,"showMaterialUpdate":false,"showSkybox":false,"showFlares":true,"showImageEffects":true,"showParticleSystems":true,"showVisualEffectGraphs":true},"in2DMode":false,"pivot":{"x":33.15579605102539,"y":1.5656242370605469,"z":9.478020668029786},"rotation":{"x":0.10691814869642258,"y":0.8638492822647095,"z":-0.2067326307296753,"w":0.4467644989490509},"size":85.94261932373047,"orthographic":false}