{"cameraMode":{"drawMode":0,"name":"Shaded","section":"Shading Mode"},"sceneLighting":false,"audioPlay":false,"sceneViewState":{"showFog":true,"showMaterialUpdate":false,"showSkybox":false,"showFlares":true,"showImageEffects":true,"showParticleSystems":true,"showVisualEffectGraphs":true},"in2DMode":false,"pivot":{"x":21.874300003051759,"y":-1.1387090682983399,"z":-4.076213836669922},"rotation":{"x":0.10691814869642258,"y":0.8638492822647095,"z":-0.2067326307296753,"w":0.4467644989490509},"size":23.67570686340332,"orthographic":false}