{"cameraMode":{"drawMode":0,"name":"Shaded","section":"Shading Mode"},"sceneLighting":false,"audioPlay":false,"sceneViewState":{"showFog":true,"showMaterialUpdate":false,"showSkybox":false,"showFlares":true,"showImageEffects":true,"showParticleSystems":true,"showVisualEffectGraphs":true},"in2DMode":false,"pivot":{"x":3.0705642700195314,"y":-0.027552485466003419,"z":-0.28673434257507326},"rotation":{"x":0.04675085097551346,"y":-0.9092143774032593,"z":0.10631148517131806,"w":0.3998258709907532},"size":2.8578836917877199,"orthographic":false}