{"cameraMode":{"drawMode":0,"name":"Shaded","section":"Shading Mode"},"sceneLighting":false,"audioPlay":false,"sceneViewState":{"showFog":true,"showMaterialUpdate":false,"showSkybox":false,"showFlares":true,"showImageEffects":true,"showParticleSystems":true,"showVisualEffectGraphs":true},"in2DMode":false,"pivot":{"x":13.201410293579102,"y":-2.2621407508850099,"z":2.014087438583374},"rotation":{"x":0.06287399679422379,"y":0.6537166237831116,"z":-0.05464428290724754,"w":0.7521435618400574},"size":18.43199920654297,"orthographic":false}