{"cameraMode":{"drawMode":0,"name":"Shaded","section":"Shading Mode"},"sceneLighting":false,"audioPlay":false,"sceneViewState":{"showFog":true,"showMaterialUpdate":false,"showSkybox":false,"showFlares":true,"showImageEffects":true,"showParticleSystems":true,"showVisualEffectGraphs":true},"in2DMode":false,"pivot":{"x":1.6168665885925294,"y":0.5473368167877197,"z":-0.023354530334472657},"rotation":{"x":0.31648746132850649,"y":0.23019692301750184,"z":-0.07946542650461197,"w":0.9168064594268799},"size":15.469629287719727,"orthographic":false}