{"cameraMode":{"drawMode":0,"name":"Shaded","section":"Shading Mode"},"sceneLighting":false,"audioPlay":false,"sceneViewState":{"showFog":true,"showMaterialUpdate":false,"showSkybox":false,"showFlares":true,"showImageEffects":true,"showParticleSystems":true,"showVisualEffectGraphs":true},"in2DMode":false,"pivot":{"x":71.15552520751953,"y":1.9736285209655762,"z":10.97824478149414},"rotation":{"x":0.2020442932844162,"y":-0.678929328918457,"z":0.20289582014083863,"w":0.6760802268981934},"size":11.822249412536621,"orthographic":false}