{"cameraMode":{"drawMode":0,"name":"Shaded","section":"Shading Mode"},"sceneLighting":false,"audioPlay":false,"sceneViewState":{"showFog":true,"showMaterialUpdate":false,"showSkybox":false,"showFlares":true,"showImageEffects":true,"showParticleSystems":true,"showVisualEffectGraphs":true},"in2DMode":false,"pivot":{"x":8.220151901245118,"y":0.009950399398803711,"z":0.48572444915771487},"rotation":{"x":0.01386493444442749,"y":-0.9845643639564514,"z":0.1481962949037552,"w":0.09212405234575272},"size":10.091999053955079,"orthographic":false}