{"cameraMode":{"drawMode":0,"name":"Shaded","section":"Shading Mode"},"sceneLighting":false,"audioPlay":false,"sceneViewState":{"showFog":true,"showMaterialUpdate":false,"showSkybox":false,"showFlares":true,"showImageEffects":true,"showParticleSystems":true,"showVisualEffectGraphs":true},"in2DMode":false,"pivot":{"x":7.347895622253418,"y":0.8097633123397827,"z":-7.253737449645996},"rotation":{"x":0.026773203164339067,"y":0.9704598784446716,"z":-0.12825541198253632,"w":0.2025848776102066},"size":6.358766555786133,"orthographic":false}