{"cameraMode":{"drawMode":0,"name":"Shaded","section":"Shading Mode"},"sceneLighting":false,"audioPlay":false,"sceneViewState":{"showFog":true,"showMaterialUpdate":false,"showSkybox":false,"showFlares":true,"showImageEffects":true,"showParticleSystems":true,"showVisualEffectGraphs":true},"in2DMode":false,"pivot":{"x":-2.9609274864196779,"y":28.042436599731447,"z":102.4574966430664},"rotation":{"x":-0.11348871886730194,"y":0.8652891516685486,"z":-0.22723187506198884,"w":-0.43215981125831606},"size":17.906410217285158,"orthographic":false}